Month,CPI,FPI,Average_CPI,Average_FPI
6,206.1,149.8,210.7714286,154.1571429
7,206.2,150.1,210.7714286,154.1571429
8,206.7,150.5,210.7714286,154.1571429
9,209.4,151.7,210.7714286,154.1571429
10,211.6,153.7,210.7714286,154.1571429
11,215.6,159,210.7714286,154.1571429
12,219.8,164.3,210.7714286,154.1571429
